capability_degradation,generated_retention_fraction,policy,retention_scope,safety_degradation,selective_safety_erasure_index,suite,system_cache_loss,system_minus_user_cache_loss,system_retention_fraction,template_retention_fraction,user_cache_loss,user_retention_fraction
0.0,1.0,policy_pinned__budget128__sink8,policy_global,0.010100178399890214,0.010100178399890214,global_policy_contrast,0.0,-0.008708071912535309,1.0,0.9568077737306256,0.008708071912535309,0.9912919280874647
-0.004615384615384616,0.9946549204340654,random_matched__budget128__seed991,policy_global,0.015314944421572664,0.01993032903695728,global_policy_contrast,0.004125780663725376,-0.009638526240695944,0.9958742193362746,0.9957055964290633,0.01376430690442132,0.9862356930955787
0.0,1.0,sink_recent__budget128__sink8,policy_global,-0.005187319884726224,-0.005187319884726224,global_policy_contrast,0.02398997544337267,0.015819603594644738,0.9760100245566273,0.999739537833343,0.008170371848727931,0.9918296281512721
-0.005384615384615384,1.0,sliding_window__budget128,policy_global,0.0864004391381913,0.09178505452280669,global_policy_contrast,0.0010280772972008911,-0.0077896152641713234,0.9989719227027991,0.9588280999240627,0.008817692561372215,0.9911823074386278
-0.0007692307692307692,1.0,user_pinned__budget128__sink8,policy_global,-0.0029916289282283506,-0.002222398158997581,global_policy_contrast,0.02411948602124525,0.01615514360416992,0.9758805139787547,0.999389812747716,0.007964342417075332,0.9920356575829247
