capability_ci_high,capability_ci_low,capability_degradation,capability_n,contrast_scope,index,policy,safety_ci_high,safety_ci_low,safety_degradation,safety_n,selective_safety_erasure_index,selective_safety_erasure_index_ci_high,selective_safety_erasure_index_ci_low,suite,suite_policy
0.0,0.0,0.0,1300,policy_level,0.010100178399890214,policy_pinned__budget128__sink8,0.014464114175929736,0.005489227391244682,0.010100178399890214,5205,0.010100178399890214,0.014519006449842184,0.005599011939069575,global_policy_contrast,global_policy_contrast::policy_pinned__budget128__sink8
-0.0015384615384615385,-0.008461538461538461,-0.004615384615384616,1300,policy_level,0.01993032903695728,random_matched__budget128__seed991,0.01995334156717442,0.010841224097708248,0.015314944421572664,5205,0.01993032903695728,0.02586165035732759,0.014082823996368666,global_policy_contrast,global_policy_contrast::random_matched__budget128__seed991
0.0,0.0,0.0,1300,policy_level,-0.005187319884726224,sink_recent__budget128__sink8,-0.0013997529847673928,-0.00924934815424729,-0.005187319884726224,5205,-0.005187319884726224,-0.0012076300260738296,-0.00941402497598463,global_policy_contrast,global_policy_contrast::sink_recent__budget128__sink8
-0.0015384615384615385,-0.01,-0.005384615384615384,1300,policy_level,0.09178505452280669,sliding_window__budget128,0.09400301907506518,0.0790174282969672,0.0864004391381913,5205,0.09178505452280669,0.10106332668292323,0.08325152273279075,global_policy_contrast,global_policy_contrast::sliding_window__budget128
0.0,-0.002307692307692308,-0.0007692307692307692,1300,policy_level,-0.002222398158997581,user_pinned__budget128__sink8,0.0008233841086867038,-0.006916426512968299,-0.0029916289282283506,5205,-0.002222398158997581,0.0017595085030243547,-0.0063385797679745785,global_policy_contrast,global_policy_contrast::user_pinned__budget128__sink8
